{"accuracy": 0.8666666666666667, "specificity": 0.4375, "sensitivity": 0.9438202247191011}