{"accuracy": 0.8761904761904762, "specificity": 0.375, "sensitivity": 0.9662921348314607}